train_start,train_end,test_end,alpha,r2_train,r2_test,n_nonzero,selected_features
1961-07-31,1986-07-31,1987-07-31,0.0015,0.04608073475495722,-0.028682146752144533,38,"['Excess_ret_feature', 'RF', 'ret_lag1', 'mom_6', 'mom_12', 'vol_12', 'epsfi_q', 'age', 'at_be', 'bidaskhl_21d', 'capx_gr2', 'cash_at', 'chcsho_12m', 'corr_1260d', 'debt_gr3', 'dsale_drec', 'eqnpo_me', 'iskew_capm_21d', 'iskew_hxz4_21d', 'kz_index', 'lnoa_gr1a', 'niq_be_chg1', 'ocf_at_chg1', 'ocfq_saleq_std', 'qmj_growth', 'rd5_at', 'resff3_12_1', 'ret_1_0', 'ret_6_1', 'rmax5_rvol_21d', 'sale_bev', 'saleq_su', 'seas_11_15an', 'seas_2_5an', 'seas_6_10an', 'seas_6_10na', 'tax_gr1a', 'zero_trades_126d']"
1962-07-31,1987-07-31,1988-07-31,0.0015,0.03899302898960699,0.010078954869792045,43,"['Excess_ret_feature', 'RF', 'ret_lag1', 'vol_12', 'aqc_q', 'dltr_q', 'epsfi_q', 'epspx_q', 'ibc_q', 'opeps_q', 'prstkc_q', 'sstk_q', 'age', 'at_be', 'bidaskhl_21d', 'capx_gr2', 'cash_at', 'chcsho_12m', 'corr_1260d', 'debt_gr3', 'dolvol_var_126d', 'eqnpo_me', 'iskew_ff3_21d', 'iskew_hxz4_21d', 'kz_index', 'lnoa_gr1a', 'ni_be', 'niq_be_chg1', 'ocf_at_chg1', 'ocfq_saleq_std', 'qmj_growth', 'resff3_12_1', 'ret_1_0', 'ret_6_1', 'rmax5_rvol_21d', 'sale_bev', 'seas_11_15an', 'seas_16_20an', 'seas_2_5an', 'seas_6_10an', 'seas_6_10na', 'tax_gr1a', 'zero_trades_126d']"
1963-07-31,1988-07-31,1989-07-31,0.0015,0.043017603294829065,-0.018524766112706592,42,"['Excess_ret_feature', 'RF', 'Sp_Ex_ret', 'ret_lag1', 'mom_3', 'vol_12', 'max_dd_12', 'epsfi_q', 'epsfx_q', 'epspx_q', 'age', 'at_be', 'capx_gr1', 'capx_gr2', 'cash_at', 'chcsho_12m', 'debt_gr3', 'dsale_dinv', 'eqnpo_me', 'iskew_hxz4_21d', 'lnoa_gr1a', 'netis_at', 'ni_ar1', 'niq_at_chg1', 'niq_be_chg1', 'ocf_at_chg1', 'ocfq_saleq_std', 'qmj_growth', 'rd5_at', 'rd_sale', 'ret_60_12', 'ret_9_1', 'rmax5_rvol_21d', 'sale_bev', 'seas_11_15an', 'seas_1_1an', 'seas_2_5an', 'seas_6_10an', 'seas_6_10na', 'tangibility', 'tax_gr1a', 'zero_trades_126d']"
1964-07-31,1989-07-31,1990-07-31,0.0015,0.036583440446235405,-0.005969949925117346,40,"['Excess_ret_feature', 'RF', 'Sp_Ex_ret', 'ret_lag1', 'vol_12', 'max_dd_12', 'epsfi_q', 'epspx_q', 'opeps_q', 'age', 'at_be', 'capx_gr2', 'cash_at', 'chcsho_12m', 'debt_gr3', 'dsale_dinv', 'dsale_dsga', 'eqnpo_me', 'iskew_hxz4_21d', 'lnoa_gr1a', 'nfna_gr1a', 'ni_ar1', 'niq_at_chg1', 'niq_be_chg1', 'ocf_at_chg1', 'ocfq_saleq_std', 'qmj_growth', 'rd5_at', 'ret_60_12', 'ret_9_1', 'rmax5_rvol_21d', 'sale_bev', 'seas_11_15an', 'seas_1_1an', 'seas_2_5an', 'seas_6_10an', 'seas_6_10na', 'tangibility', 'tax_gr1a', 'zero_trades_126d']"
1965-07-31,1990-07-31,1991-07-31,0.0015,0.03341082895388181,0.060728996626541076,41,"['Excess_ret_feature', 'RF', 'Sp_Ex_ret', 'ret_lag1', 'vol_12', 'max_dd_12', 'epsfi_q', 'epspx_q', 'opeps_q', 'at_be', 'beta_60m', 'capx_gr2', 'cash_at', 'chcsho_12m', 'debt_gr3', 'dsale_dinv', 'dsale_dsga', 'eqnpo_me', 'fcf_me', 'lnoa_gr1a', 'netis_at', 'ni_ar1', 'niq_at_chg1', 'niq_be_chg1', 'ocf_at_chg1', 'ocfq_saleq_std', 'op_at', 'qmj_growth', 'rd5_at', 'ret_60_12', 'ret_9_1', 'rmax5_rvol_21d', 'sale_gr3', 'seas_11_15an', 'seas_1_1an', 'seas_2_5an', 'seas_6_10an', 'seas_6_10na', 'tangibility', 'tax_gr1a', 'zero_trades_126d']"
1966-07-31,1991-07-31,1992-07-31,0.0015,0.043257551918988724,0.0027651589049055847,43,"['Excess_ret_feature', 'RF', 'ret_lag1', 'mom_3', 'vol_12', 'max_dd_12', 'epsfi_q', 'epspi_q', 'epspx_q', 'at_be', 'capx_gr2', 'cash_at', 'chcsho_12m', 'dbnetis_at', 'debt_gr3', 'dsale_dinv', 'eqnpo_me', 'iskew_hxz4_21d', 'lnoa_gr1a', 'netis_at', 'nfna_gr1a', 'ni_ar1', 'niq_at_chg1', 'niq_be_chg1', 'ocf_at_chg1', 'ocf_me', 'ocfq_saleq_std', 'ope_bel1', 'qmj_growth', 'rd5_at', 'rd_me', 'ret_3_1', 'ret_60_12', 'rmax5_rvol_21d', 'sale_bev', 'seas_11_15an', 'seas_16_20an', 'seas_1_1an', 'seas_2_5an', 'seas_6_10an', 'tangibility', 'tax_gr1a', 'zero_trades_126d']"
1967-07-31,1992-07-31,1993-07-31,0.0015,0.03330447197675035,-0.019169947683018274,44,"['Excess_ret_feature', 'RF', 'Sp_Ex_ret', 'ret_lag1', 'vol_12', 'max_dd_12', 'sharpe_12', 'epsfi_q', 'epspi_q', 'epspx_q', 'at_be', 'beta_60m', 'cash_at', 'chcsho_12m', 'coskew_21d', 'dbnetis_at', 'debt_gr3', 'dsale_dinv', 'eqnpo_me', 'fcf_me', 'iskew_hxz4_21d', 'kz_index', 'lnoa_gr1a', 'netis_at', 'ni_ar1', 'ni_be', 'niq_at_chg1', 'niq_be', 'niq_be_chg1', 'ocfq_saleq_std', 'ope_bel1', 'rd5_at', 'rd_me', 'ret_3_1', 'rmax5_rvol_21d', 'rskew_21d', 'sale_bev', 'seas_11_15an', 'seas_16_20an', 'seas_1_1an', 'seas_2_5an', 'seas_6_10an', 'tangibility', 'zero_trades_126d']"
1968-07-31,1993-07-31,1994-07-31,0.0015,0.030353819296705775,-0.023896294444918365,45,"['Excess_ret_feature', 'RF', 'Sp_Ex_ret', 'vol_12', 'max_dd_12', 'sharpe_12', 'epsfi_q', 'epspi_q', 'epspx_q', 'at_be', 'beta_60m', 'capx_gr3', 'cash_at', 'chcsho_12m', 'coskew_21d', 'dbnetis_at', 'debt_gr3', 'dsale_dinv', 'eqnpo_me', 'fcf_me', 'fnl_gr1a', 'iskew_hxz4_21d', 'lnoa_gr1a', 'netis_at', 'ni_ar1', 'ni_be', 'niq_at_chg1', 'niq_be', 'niq_be_chg1', 'ocfq_saleq_std', 'ope_bel1', 'rd5_at', 'rd_me', 'ret_3_1', 'rmax5_rvol_21d', 'rskew_21d', 'sale_bev', 'seas_11_15an', 'seas_16_20an', 'seas_16_20na', 'seas_1_1an', 'seas_2_5an', 'seas_6_10an', 'tangibility', 'zero_trades_126d']"
1969-07-31,1994-07-31,1995-07-31,0.0015,0.025735412995664952,0.0030966038293528397,36,"['Excess_ret_feature', 'RF', 'Sp_Ex_ret', 'vol_12', 'max_dd_12', 'epsfx_q', 'epspi_q', 'epspx_q', 'aliq_mat', 'at_be', 'cash_at', 'chcsho_12m', 'coskew_21d', 'cowc_gr1a', 'debt_gr3', 'dsale_dinv', 'eqnpo_me', 'fcf_me', 'fnl_gr1a', 'iskew_ff3_21d', 'netis_at', 'ni_ar1', 'niq_at_chg1', 'niq_be', 'niq_be_chg1', 'o_score', 'ocfq_saleq_std', 'ope_bel1', 'rmax5_rvol_21d', 'rskew_21d', 'seas_11_15an', 'seas_16_20an', 'seas_16_20na', 'seas_1_1an', 'seas_6_10an', 'tangibility']"
1970-07-31,1995-07-31,1996-07-31,0.0015,0.024657405956127754,-0.014593858868204634,34,"['Excess_ret_feature', 'RF', 'Sp_Ex_ret', 'vol_12', 'max_dd_12', 'epsfi_q', 'epspi_q', 'epspx_q', 'aliq_mat', 'at_be', 'cash_at', 'chcsho_12m', 'coskew_21d', 'cowc_gr1a', 'dbnetis_at', 'debt_gr3', 'eqnpo_me', 'fcf_me', 'netis_at', 'ni_ar1', 'niq_be', 'niq_be_chg1', 'o_score', 'ocfq_saleq_std', 'op_at', 'ope_bel1', 'rskew_21d', 'seas_11_15an', 'seas_16_20an', 'seas_16_20na', 'seas_1_1an', 'seas_6_10an', 'tangibility', 'tax_gr1a']"
1971-07-31,1996-07-31,1997-07-31,0.0015,0.022599681621652046,-0.029449126722727703,36,"['Excess_ret_feature', 'RF', 'Sp_Ex_ret', 'vol_12', 'max_dd_12', 'epsfi_q', 'epspi_q', 'epspx_q', 'at_be', 'beta_60m', 'cash_at', 'chcsho_12m', 'coskew_21d', 'cowc_gr1a', 'debt_gr3', 'dsale_dinv', 'eqnpo_me', 'ni_ar1', 'niq_be', 'niq_be_chg1', 'noa_at', 'o_score', 'ocfq_saleq_std', 'op_at', 'ope_bel1', 'qmj_growth', 'ret_3_1', 'ret_6_1', 'rmax5_rvol_21d', 'sale_bev', 'seas_11_15an', 'seas_11_15na', 'seas_16_20an', 'seas_6_10an', 'tangibility', 'zero_trades_126d']"
1972-07-31,1997-07-31,1998-07-31,0.0015,0.020202130104372218,-0.01610993437492958,35,"['Excess_ret_feature', 'RF', 'Sp_Ex_ret', 'vol_12', 'max_dd_12', 'epsfi_q', 'epsfx_q', 'epspi_q', 'opeps_q', 'ami_126d', 'at_be', 'beta_60m', 'cash_at', 'chcsho_12m', 'coskew_21d', 'cowc_gr1a', 'debt_gr3', 'eqnpo_me', 'eqpo_me', 'ni_ar1', 'niq_be', 'niq_be_chg1', 'o_score', 'ocfq_saleq_std', 'qmj_growth', 'ret_3_1', 'rmax5_rvol_21d', 'rskew_21d', 'sale_bev', 'seas_11_15an', 'seas_11_15na', 'seas_16_20an', 'seas_6_10an', 'tangibility', 'turnover_var_126d']"
1973-07-31,1998-07-31,1999-07-31,0.0015,0.018900019770275445,-0.009738003205967516,39,"['Excess_ret_feature', 'RF', 'vol_12', 'max_dd_12', 'epsfi_q', 'epsfx_q', 'epspi_q', 'at_be', 'chcsho_12m', 'coskew_21d', 'dbnetis_at', 'debt_gr3', 'dsale_dinv', 'eqpo_me', 'fcf_me', 'lti_gr1a', 'market_equity', 'ncol_gr1a', 'ni_ar1', 'niq_be', 'niq_be_chg1', 'noa_at', 'o_score', 'ocf_me', 'ocfq_saleq_std', 'prc', 'qmj_growth', 'rd_me', 'ret_6_1', 'ret_9_1', 'rmax5_rvol_21d', 'rskew_21d', 'sale_bev', 'sale_me', 'seas_11_15an', 'seas_11_15na', 'seas_16_20an', 'seas_6_10an', 'taccruals_at']"
1974-07-31,1999-07-31,2000-07-31,0.0015,0.018382471758082608,-0.017400459148760206,38,"['Excess_ret_feature', 'RF', 'vol_12', 'downside_dev_12', 'max_dd_12', 'epsfi_q', 'epspi_q', 'opeps_q', 'age', 'betadown_252d', 'capex_abn', 'cash_at', 'chcsho_12m', 'dbnetis_at', 'dsale_dinv', 'dsale_dsga', 'earnings_variability', 'ncoa_gr1a', 'netis_at', 'ni_ar1', 'noa_at', 'oaccruals_ni', 'ocf_at', 'ocf_me', 'ocfq_saleq_std', 'prc', 'resff3_6_1', 'ret_1_0', 'ret_9_1', 'rmax5_rvol_21d', 'sale_bev', 'sale_emp_gr1', 'sale_me', 'seas_11_15na', 'seas_2_5an', 'taccruals_at', 'tangibility', 'zero_trades_21d']"
1975-07-31,2000-07-31,2001-07-31,0.0015,0.012988397806389163,-0.038106994420350926,25,"['Excess_ret_feature', 'RF', 'vol_12', 'downside_dev_12', 'max_dd_12', 'sharpe_12', 'epspi_q', 'oepsx_q', 'aliq_mat', 'dbnetis_at', 'dsale_drec', 'dsale_dsga', 'eqnpo_me', 'fcf_me', 'ni_ar1', 'ocfq_saleq_std', 'prc', 'qmj_growth', 'ret_9_1', 'rmax5_rvol_21d', 'rskew_21d', 'seas_11_15na', 'seas_2_5an', 'taccruals_at', 'zero_trades_21d']"
1976-07-31,2001-07-31,2002-07-31,0.0015,0.015470290677202958,-0.02403041468877909,34,"['Excess_ret_feature', 'RF', 'ret_lag1', 'downside_dev_12', 'max_dd_12', 'sharpe_12', 'epspi_q', 'opeps_q', 'aliq_mat', 'beta_dimson_21d', 'corr_1260d', 'cowc_gr1a', 'dbnetis_at', 'dsale_drec', 'dsale_dsga', 'eqpo_me', 'gp_at', 'ni_ar1', 'niq_be', 'noa_at', 'ocfq_saleq_std', 'resff3_6_1', 'ret_12_7', 'ret_1_0', 'ret_9_1', 'rmax5_rvol_21d', 'saleq_gr1', 'seas_11_15na', 'seas_16_20an', 'seas_16_20na', 'seas_2_5an', 'seas_6_10an', 'sti_gr1a', 'zero_trades_21d']"
1977-07-31,2002-07-31,2003-07-31,0.0015,0.018859806612537833,0.008260755748086268,28,"['Excess_ret_feature', 'Sp_Ex_ret', 'max_dd_12', 'sharpe_12', 'epspi_q', 'opeps_q', 'aliq_mat', 'beta_dimson_21d', 'dbnetis_at', 'debt_gr3', 'dsale_drec', 'dsale_dsga', 'eqpo_me', 'iskew_ff3_21d', 'ni_ar1', 'niq_at_chg1', 'ocf_at_chg1', 'resff3_6_1', 'ret_1_0', 'ret_9_1', 'rmax5_rvol_21d', 'saleq_gr1', 'seas_11_15an', 'seas_11_15na', 'seas_16_20an', 'seas_6_10an', 'sti_gr1a', 'turnover_126d']"
1978-07-31,2003-07-31,2004-07-31,0.0015,0.02200362264264677,0.0033937713761197363,32,"['Excess_ret_feature', 'RF', 'Sp_Ex_ret', 'downside_dev_12', 'max_dd_12', 'sharpe_12', 'epspi_q', 'aliq_mat', 'beta_dimson_21d', 'capex_abn', 'capx_gr1', 'dbnetis_at', 'debt_gr3', 'dsale_drec', 'dsale_dsga', 'eqpo_me', 'iskew_ff3_21d', 'ni_ar1', 'niq_at_chg1', 'opex_at', 'qmj', 'resff3_6_1', 'ret_1_0', 'ret_9_1', 'rmax5_rvol_21d', 'sale_bev', 'saleq_gr1', 'seas_11_15an', 'seas_11_15na', 'seas_16_20na', 'seas_6_10an', 'sti_gr1a']"
1979-07-31,2004-07-31,2005-07-31,0.0015,0.02160621624543624,0.016146047468807434,31,"['Excess_ret_feature', 'RF', 'Sp_Ex_ret', 'vol_12', 'downside_dev_12', 'max_dd_12', 'sharpe_12', 'epspi_q', 'aliq_mat', 'beta_dimson_21d', 'dbnetis_at', 'debt_gr3', 'dsale_dinv', 'dsale_drec', 'dsale_dsga', 'eqpo_me', 'iskew_ff3_21d', 'ni_ar1', 'niq_at_chg1', 'opex_at', 'qmj', 'resff3_6_1', 'ret_1_0', 'ret_9_1', 'rmax5_rvol_21d', 'saleq_gr1', 'seas_11_15an', 'seas_11_15na', 'seas_16_20na', 'seas_6_10an', 'sti_gr1a']"
1980-07-31,2005-07-31,2006-07-31,0.0015,0.02173932522615918,-0.011747421057334728,36,"['Excess_ret_feature', 'RF', 'Sp_Ex_ret', 'vol_12', 'downside_dev_12', 'max_dd_12', 'sharpe_12', 'epsfx_q', 'epspi_q', 'aliq_mat', 'beta_dimson_21d', 'capex_abn', 'dbnetis_at', 'debt_gr3', 'dsale_dinv', 'dsale_drec', 'dsale_dsga', 'eqpo_me', 'iskew_ff3_21d', 'ni_ar1', 'niq_at_chg1', 'opex_at', 'pi_nix', 'qmj', 'resff3_6_1', 'ret_1_0', 'ret_9_1', 'rmax5_rvol_21d', 'sale_emp_gr1', 'saleq_gr1', 'seas_11_15an', 'seas_11_15na', 'seas_16_20an', 'seas_16_20na', 'seas_6_10an', 'sti_gr1a']"
1981-07-31,2006-07-31,2007-07-31,0.0015,0.020587719196639265,-0.014216544595140546,32,"['Excess_ret_feature', 'RF', 'Sp_Ex_ret', 'vol_12', 'downside_dev_12', 'max_dd_12', 'epsfx_q', 'epspi_q', 'beta_dimson_21d', 'dbnetis_at', 'debt_gr3', 'dsale_dinv', 'dsale_drec', 'dsale_dsga', 'eqpo_me', 'iskew_ff3_21d', 'ni_ar1', 'niq_su', 'opex_at', 'pi_nix', 'qmj', 'resff3_6_1', 'ret_1_0', 'ret_9_1', 'rmax5_rvol_21d', 'sale_emp_gr1', 'saleq_gr1', 'seas_11_15an', 'seas_16_20na', 'seas_1_1an', 'seas_6_10an', 'sti_gr1a']"
1982-07-31,2007-07-31,2008-07-31,0.0015,0.019313332112745663,-0.03923767713035575,34,"['Excess_ret_feature', 'RF', 'Sp_Ex_ret', 'vol_12', 'downside_dev_12', 'max_dd_12', 'epsfx_q', 'epspi_q', 'aliq_mat', 'beta_dimson_21d', 'dbnetis_at', 'debt_gr3', 'dsale_dinv', 'dsale_drec', 'dsale_dsga', 'iskew_ff3_21d', 'ni_ar1', 'niq_at_chg1', 'pi_nix', 'prc', 'qmj', 'resff3_6_1', 'ret_9_1', 'rmax5_rvol_21d', 'sale_emp_gr1', 'saleq_gr1', 'saleq_su', 'seas_11_15an', 'seas_16_20an', 'seas_16_20na', 'seas_1_1an', 'seas_6_10an', 'sti_gr1a', 'taccruals_ni']"
1983-07-31,2008-07-31,2009-07-31,0.0015,0.019183143242854972,-0.03707131873834668,32,"['Excess_ret_feature', 'RF', 'Sp_Ex_ret', 'vol_12', 'downside_dev_12', 'epsfx_q', 'epspi_q', 'aliq_mat', 'beta_dimson_21d', 'dbnetis_at', 'debt_gr3', 'dsale_dinv', 'dsale_drec', 'dsale_dsga', 'iskew_ff3_21d', 'ni_ar1', 'niq_at_chg1', 'oaccruals_at', 'qmj', 'resff3_6_1', 'ret_9_1', 'rmax5_rvol_21d', 'sale_emp_gr1', 'saleq_gr1', 'saleq_su', 'seas_11_15an', 'seas_16_20an', 'seas_16_20na', 'seas_1_1an', 'seas_6_10an', 'sti_gr1a', 'taccruals_ni']"
1984-07-31,2009-07-31,2010-07-31,0.0015,0.02769950645770891,0.021484140702088705,37,"['Excess_ret_feature', 'Sp_Ex_ret', 'ret_lag1', 'downside_dev_12', 'max_dd_12', 'sharpe_12', 'epsfx_q', 'epspi_q', 'epspx_q', 'invch_q', 'is_secondary', 'aliq_mat', 'beta_60m', 'beta_dimson_21d', 'dbnetis_at', 'debt_gr3', 'dolvol_var_126d', 'dsale_dinv', 'gp_at', 'lti_gr1a', 'market_equity', 'ni_ar1', 'niq_be_chg1', 'noa_at', 'o_score', 'ocf_at_chg1', 'qmj', 'qmj_growth', 'resff3_6_1', 'saleq_gr1', 'seas_11_15an', 'seas_16_20na', 'seas_1_1an', 'seas_2_5an', 'seas_6_10an', 'sti_gr1a', 'taccruals_ni']"
1985-07-31,2010-07-31,2011-07-31,0.0015,0.030131240013367533,-0.032487280385713246,45,"['Excess_ret_feature', 'RF', 'Sp_Ex_ret', 'ret_lag1', 'vol_12', 'downside_dev_12', 'max_dd_12', 'sharpe_12', 'epsfx_q', 'epspi_q', 'epspx_q', 'invch_q', 'is_secondary', 'aliq_mat', 'beta_60m', 'beta_dimson_21d', 'dbnetis_at', 'debt_gr3', 'dolvol_126d', 'dolvol_var_126d', 'dsale_drec', 'iskew_capm_21d', 'lti_gr1a', 'market_equity', 'ncol_gr1a', 'ni_ar1', 'ni_inc8q', 'niq_be_chg1', 'noa_at', 'o_score', 'oaccruals_at', 'ocf_at_chg1', 'pi_nix', 'qmj', 'resff3_6_1', 'ret_9_1', 'sale_emp_gr1', 'saleq_gr1', 'seas_11_15an', 'seas_1_1an', 'seas_1_1na', 'seas_2_5an', 'seas_6_10an', 'sti_gr1a', 'taccruals_ni']"
1986-07-31,2011-07-31,2012-07-31,0.0015,0.028184174546023066,-0.057392541325107516,38,"['Excess_ret_feature', 'Sp_Ex_ret', 'ret_lag1', 'vol_12', 'downside_dev_12', 'max_dd_12', 'sharpe_12', 'epsfx_q', 'epspi_q', 'invch_q', 'is_secondary', 'aliq_mat', 'beta_60m', 'beta_dimson_21d', 'dbnetis_at', 'debt_gr3', 'dgp_dsale', 'dolvol_126d', 'dolvol_var_126d', 'dsale_dinv', 'gp_at', 'lti_gr1a', 'ncol_gr1a', 'ni_ar1', 'ni_inc8q', 'niq_be_chg1', 'noa_at', 'o_score', 'oaccruals_at', 'pi_nix', 'qmj', 'resff3_6_1', 'ret_9_1', 'saleq_gr1', 'seas_11_15an', 'seas_1_1na', 'seas_2_5an', 'seas_6_10an']"
1987-07-31,2012-07-31,2013-07-31,0.0015,0.028339207589637372,-0.007288899002603877,45,"['Excess_ret_feature', 'Sp_Ex_ret', 'ret_lag1', 'vol_12', 'downside_dev_12', 'max_dd_12', 'sharpe_12', 'epsfx_q', 'epspi_q', 'epspx_q', 'invch_q', 'opeps_q', 'is_secondary', 'aliq_mat', 'beta_60m', 'beta_dimson_21d', 'coskew_21d', 'dbnetis_at', 'debt_gr3', 'dolvol_126d', 'dolvol_var_126d', 'dsale_dinv', 'dsale_dsga', 'iskew_capm_21d', 'ncol_gr1a', 'niq_be_chg1', 'niq_su', 'noa_at', 'o_score', 'oaccruals_at', 'ocf_at_chg1', 'pi_nix', 'rd_me', 'resff3_6_1', 'ret_9_1', 'rmax5_rvol_21d', 'rskew_21d', 'saleq_gr1', 'seas_11_15an', 'seas_11_15na', 'seas_16_20an', 'seas_1_1na', 'seas_6_10an', 'taccruals_at', 'taccruals_ni']"
1988-07-31,2013-07-31,2014-07-31,0.0015,0.02806882810119271,0.01758753996124185,44,"['Excess_ret_feature', 'Sp_Ex_ret', 'ret_lag1', 'vol_12', 'downside_dev_12', 'max_dd_12', 'sharpe_12', 'epsfx_q', 'epspi_q', 'epspx_q', 'invch_q', 'is_secondary', 'aliq_mat', 'beta_dimson_21d', 'cash_at', 'coskew_21d', 'dbnetis_at', 'debt_gr3', 'dolvol_126d', 'dolvol_var_126d', 'dsale_dinv', 'iskew_capm_21d', 'ncol_gr1a', 'niq_be_chg1', 'niq_su', 'noa_at', 'o_score', 'oaccruals_at', 'ocf_at_chg1', 'pi_nix', 'rd_me', 'resff3_6_1', 'ret_12_7', 'ret_9_1', 'rmax5_rvol_21d', 'rskew_21d', 'saleq_gr1', 'seas_11_15an', 'seas_11_15na', 'seas_16_20an', 'seas_1_1na', 'seas_2_5na', 'seas_6_10an', 'seas_6_10na']"
1989-07-31,2014-07-31,2015-07-31,0.0015,0.028025395062450165,-0.03237475497095543,42,"['Excess_ret_feature', 'RF', 'Sp_Ex_ret', 'vol_12', 'downside_dev_12', 'max_dd_12', 'sharpe_12', 'epsfx_q', 'epspi_q', 'invch_q', 'is_secondary', 'aliq_mat', 'beta_60m', 'beta_dimson_21d', 'cash_at', 'coskew_21d', 'dbnetis_at', 'debt_gr3', 'dolvol_126d', 'dolvol_var_126d', 'dsale_dinv', 'iskew_capm_21d', 'ncol_gr1a', 'ni_ar1', 'niq_be_chg1', 'niq_su', 'noa_at', 'o_score', 'oaccruals_at', 'ocf_at_chg1', 'pi_nix', 'rd_me', 'resff3_6_1', 'ret_12_7', 'rmax5_rvol_21d', 'rskew_21d', 'saleq_gr1', 'seas_11_15an', 'seas_11_15na', 'seas_16_20an', 'seas_1_1na', 'seas_6_10an']"
1990-07-31,2015-07-31,2016-07-31,0.0015,0.024945210633501746,-0.041451199308297326,43,"['Excess_ret_feature', 'Sp_Ex_ret', 'vol_12', 'downside_dev_12', 'max_dd_12', 'sharpe_12', 'epsfx_q', 'epspi_q', 'epspx_q', 'invch_q', 'is_secondary', 'aliq_mat', 'beta_dimson_21d', 'cash_at', 'coskew_21d', 'dbnetis_at', 'debt_gr3', 'dolvol_126d', 'dolvol_var_126d', 'dsale_dinv', 'dsale_dsga', 'iskew_capm_21d', 'ni_ar1', 'niq_be_chg1', 'noa_at', 'o_score', 'oaccruals_at', 'ocf_at_chg1', 'pi_nix', 'qmj', 'rd_me', 'resff3_6_1', 'ret_12_7', 'ret_9_1', 'rmax5_rvol_21d', 'rskew_21d', 'saleq_gr1', 'seas_11_15an', 'seas_11_15na', 'seas_1_1na', 'seas_2_5an', 'seas_2_5na', 'seas_6_10an']"
1991-07-31,2016-07-31,2017-07-31,0.0015,0.021611396308132136,-0.005466521555853365,41,"['Excess_ret_feature', 'Sp_Ex_ret', 'ret_lag1', 'vol_12', 'downside_dev_12', 'max_dd_12', 'sharpe_12', 'epspi_q', 'epspx_q', 'invch_q', 'is_secondary', 'aliq_mat', 'beta_dimson_21d', 'cash_at', 'dbnetis_at', 'dolvol_126d', 'dolvol_var_126d', 'dsale_dinv', 'dsale_dsga', 'iskew_capm_21d', 'ni_ar1', 'niq_be_chg1', 'noa_at', 'o_score', 'ocf_at', 'pi_nix', 'qmj', 'qmj_prof', 'resff3_6_1', 'ret_12_7', 'ret_9_1', 'rmax1_21d', 'rmax5_rvol_21d', 'rskew_21d', 'seas_11_15an', 'seas_11_15na', 'seas_1_1na', 'seas_2_5na', 'seas_6_10na', 'tangibility', 'turnover_126d']"
1992-07-31,2017-07-31,2018-07-31,0.0015,0.022138156856292945,-0.011782671055159621,34,"['Excess_ret_feature', 'Sp_Ex_ret', 'vol_12', 'downside_dev_12', 'max_dd_12', 'epspi_q', 'epspx_q', 'is_secondary', 'aliq_mat', 'beta_dimson_21d', 'cash_at', 'dbnetis_at', 'dolvol_126d', 'dolvol_var_126d', 'dsale_dinv', 'dsale_dsga', 'lti_gr1a', 'ni_ar1', 'niq_be_chg1', 'niq_su', 'noa_at', 'o_score', 'pi_nix', 'qmj_prof', 'resff3_6_1', 'ret_12_7', 'rmax5_rvol_21d', 'rskew_21d', 'seas_11_15an', 'seas_11_15na', 'seas_1_1na', 'seas_6_10an', 'seas_6_10na', 'tangibility']"
1993-07-31,2018-07-31,2019-07-31,0.0015,0.01954425095432033,-0.016727136024151656,36,"['Excess_ret_feature', 'Sp_Ex_ret', 'vol_12', 'downside_dev_12', 'max_dd_12', 'epspi_q', 'epspx_q', 'is_secondary', 'aliq_mat', 'beta_dimson_21d', 'cash_at', 'dolvol_126d', 'dolvol_var_126d', 'dsale_dinv', 'dsale_dsga', 'fnl_gr1a', 'lti_gr1a', 'ni_ar1', 'niq_be_chg1', 'niq_su', 'noa_at', 'o_score', 'ocf_at', 'pi_nix', 'qmj', 'qmj_prof', 'resff3_6_1', 'ret_12_7', 'rmax1_21d', 'rmax5_rvol_21d', 'rskew_21d', 'seas_11_15an', 'seas_11_15na', 'seas_1_1na', 'seas_6_10na', 'tangibility']"
1994-07-31,2019-07-31,2020-07-31,0.0015,0.02024134727873772,0.013048955039111187,31,"['Excess_ret_feature', 'vol_12', 'downside_dev_12', 'epsfx_q', 'epspi_q', 'epspx_q', 'aliq_mat', 'beta_dimson_21d', 'cash_at', 'dgp_dsale', 'dolvol_126d', 'dolvol_var_126d', 'dsale_dinv', 'fnl_gr1a', 'iskew_capm_21d', 'lti_gr1a', 'ni_inc8q', 'niq_su', 'noa_at', 'o_score', 'ocf_at_chg1', 'ope_be', 'opex_at', 'resff3_6_1', 'ret_12_7', 'rskew_21d', 'seas_11_15an', 'seas_11_15na', 'seas_6_10an', 'seas_6_10na', 'tangibility']"
1995-07-31,2020-07-31,2021-07-31,0.0015,0.02424365767861436,-0.0024996342269913985,35,"['Excess_ret_feature', 'Sp_Ex_ret', 'downside_dev_12', 'sharpe_12', 'epspi_q', 'epspx_q', 'aliq_mat', 'beta_dimson_21d', 'dgp_dsale', 'dolvol_126d', 'dolvol_var_126d', 'earnings_variability', 'fnl_gr1a', 'gp_at', 'lti_gr1a', 'ncol_gr1a', 'niq_be_chg1', 'niq_su', 'noa_at', 'o_score', 'ocf_at_chg1', 'ope_be', 'opex_at', 'pi_nix', 'resff3_6_1', 'ret_12_7', 'ret_60_12', 'rmax1_21d', 'rskew_21d', 'seas_11_15an', 'seas_11_15na', 'seas_1_1an', 'seas_6_10na', 'taccruals_ni', 'tangibility']"
1996-07-31,2021-07-31,2022-07-31,0.0015,0.02409911158525191,-0.11049736882261163,37,"['RF', 'Sp_Ex_ret', 'downside_dev_12', 'sharpe_12', 'epspi_q', 'epspx_q', 'is_secondary', 'aliq_mat', 'beta_60m', 'beta_dimson_21d', 'cash_at', 'debt_gr3', 'dgp_dsale', 'dolvol_126d', 'fnl_gr1a', 'lti_gr1a', 'ncol_gr1a', 'niq_be_chg1', 'niq_su', 'noa_at', 'o_score', 'ocf_at_chg1', 'ope_be', 'opex_at', 'resff3_6_1', 'ret_12_7', 'ret_1_0', 'ret_60_12', 'ret_9_1', 'rmax1_21d', 'rskew_21d', 'seas_11_15an', 'seas_11_15na', 'seas_1_1an', 'seas_6_10na', 'tangibility', 'zero_trades_252d']"
1997-07-31,2022-07-31,2023-07-31,0.0015,0.022204073492994025,-0.02156560907373617,37,"['downside_dev_12', 'sharpe_12', 'epspi_q', 'epspx_q', 'opeps_q', 'beta_60m', 'beta_dimson_21d', 'capx_gr1', 'cash_at', 'cop_atl1', 'dgp_dsale', 'gp_at', 'inv_gr1', 'iskew_capm_21d', 'kz_index', 'lti_gr1a', 'ncol_gr1a', 'ni_ar1', 'niq_be_chg1', 'noa_at', 'ocf_at_chg1', 'opex_at', 'pi_nix', 'resff3_6_1', 'ret_12_7', 'ret_9_1', 'rskew_21d', 'sale_emp_gr1', 'saleq_su', 'seas_11_15an', 'seas_11_15na', 'seas_16_20an', 'seas_16_20na', 'seas_1_1an', 'seas_6_10na', 'tangibility', 'zero_trades_252d']"
1998-07-31,2023-07-31,2024-07-31,0.0015,0.017348236187173738,-0.010271601446257606,34,"['mom_6', 'downside_dev_12', 'sharpe_12', 'epspi_q', 'epspx_q', 'opeps_q', 'beta_60m', 'beta_dimson_21d', 'capx_gr1', 'cash_at', 'inv_gr1', 'iskew_capm_21d', 'kz_index', 'lti_gr1a', 'niq_be_chg1', 'ocf_at_chg1', 'op_at', 'opex_at', 'pi_nix', 'prc', 'resff3_6_1', 'ret_12_7', 'ret_9_1', 'sale_emp_gr1', 'saleq_su', 'seas_11_15an', 'seas_11_15na', 'seas_16_20an', 'seas_16_20na', 'seas_1_1an', 'seas_6_10na', 'sti_gr1a', 'tangibility', 'zero_trades_126d']"
